Workbook

Sheet ড্যাশবোর্ড
B2: তপু ভাই, আল রাফি মোটরস - ড্যাশবোর্ড
B6: মার্কেটে মোট বকেয়া: | C6: =SUM('কাস্টমার তালিকা'!E:E) -> 203000
B8: মোট কাস্টমার সংখ্যা: | C8: =COUNTA('কাস্টমার তালিকা'!A:A)-1 -> 2
B10: আজকের মোট কালেকশন: | C10: =SUMIFS(খতিয়ান!G:G, খতিয়ান!A:A, TODAY()) -> 0

Sheet কাস্টমার তালিকা
B1: 🔍 কাস্টমার বা মোবাইল নম্বর দিয়ে খুঁজুন ➔
A3: কাস্টমার আইডি | B3: কাস্টমারের নাম | C3: মোবাইল নম্বর | D3: ঠিকানা | E3: মোট বকেয়া (অটো) | F3: হোয়াটসঅ্যাপ মেসেজ (অটো)
A4: C-001 | B4: তপু ভাই, আল রাফি মোটরস | C4: 01720643322 | D4: ধোলাইখাল, ঢাকা | E4: =SUMIF(খতিয়ান!C:C, A4, খতিয়ান!F:F) - SUMIF(খতিয়ান!C:C, A4, খতিয়ান!G:G) -> 203000 | F4: =IF(OR(ISBLANK(C4), E4<=0), "", HYPERLINK("https://wa.me/88"&C4&"?text=আসসালামু আলাইকুম "&B4&", আপনার মোট বকেয়া "&TEXT(E4,"0")&" টাকা। অনুগ্রহ করে পরিশোধ করবেন।", "✉️ মেসেজ পাঠান")) -> ✉️ মেসেজ পাঠান
A5: C-002 | B5: জামাল, রহমান টাওয়ার | C5: 01676218863 | E5: =SUMIF(খতিয়ান!C:C, A5, খতিয়ান!F:F) - SUMIF(খতিয়ান!C:C, A5, খতিয়ান!G:G) -> 0 | F5: =IF(OR(ISBLANK(C5), E5<=0), "", HYPERLINK("https://wa.me/88"&C5&"?text=আসসালামু আলাইকুম "&B5&", আপনার মোট বকেয়া "&TEXT(E5,"0")&" টাকা। অনুগ্রহ করে পরিশোধ করবেন।", "✉️ মেসেজ পাঠান"))
E6: =SUMIF(খতিয়ান!C:C, A6, খতিয়ান!F:F) - SUMIF(খতিয়ান!C:C, A6, খতিয়ান!G:G) -> 0 | F6: =IF(OR(ISBLANK(C6), E6<=0), "", HYPERLINK("https://wa.me/88"&C6&"?text=আসসালামু আলাইকুম "&B6&", আপনার মোট বকেয়া "&TEXT(E6,"0")&" টাকা। অনুগ্রহ করে পরিশোধ করবেন।", "✉️ মেসেজ পাঠান"))
E7: =SUMIF(খতিয়ান!C:C, A7, খতিয়ান!F:F) - SUMIF(খতিয়ান!C:C, A7, খতিয়ান!G:G) -> 0 | F7: =IF(OR(ISBLANK(C7), E7<=0), "", HYPERLINK("https://wa.me/88"&C7&"?text=আসসালামু আলাইকুম "&B7&", আপনার মোট বকেয়া "&TEXT(E7,"0")&" টাকা। অনুগ্রহ করে পরিশোধ করবেন।", "✉️ মেসেজ পাঠান"))
E8: =SUMIF(খতিয়ান!C:C, A8, খতিয়ান!F:F) - SUMIF(খতিয়ান!C:C, A8, খতিয়ান!G:G) -> 0 | F8: =IF(OR(ISBLANK(C8), E8<=0), "", HYPERLINK("https://wa.me/88"&C8&"?text=আসসালামু আলাইকুম "&B8&", আপনার মোট বকেয়া "&TEXT(E8,"0")&" টাকা। অনুগ্রহ করে পরিশোধ করবেন।", "✉️ মেসেজ পাঠান"))
E9: =SUMIF(খতিয়ান!C:C, A9, খতিয়ান!F:F) - SUMIF(খতিয়ান!C:C, A9, খতিয়ান!G:G) -> 0 | F9: =IF(OR(ISBLANK(C9), E9<=0), "", HYPERLINK("https://wa.me/88"&C9&"?text=আসসালামু আলাইকুম "&B9&", আপনার মোট বকেয়া "&TEXT(E9,"0")&" টাকা। অনুগ্রহ করে পরিশোধ করবেন।", "✉️ মেসেজ পাঠান"))
E10: =SUMIF(খতিয়ান!C:C, A10, খতিয়ান!F:F) - SUMIF(খতিয়ান!C:C, A10, খতিয়ান!G:G) -> 0 | F10: =IF(OR(ISBLANK(C10), E10<=0), "", HYPERLINK("https://wa.me/88"&C10&"?text=আসসালামু আলাইকুম "&B10&", আপনার মোট বকেয়া "&TEXT(E10,"0")&" টাকা। অনুগ্রহ করে পরিশোধ করবেন।", "✉️ মেসেজ পাঠান"))
E11: =SUMIF(খতিয়ান!C:C, A11, খতিয়ান!F:F) - SUMIF(খতিয়ান!C:C, A11, খতিয়ান!G:G) -> 0 | F11: =IF(OR(ISBLANK(C11), E11<=0), "", HYPERLINK("https://wa.me/88"&C11&"?text=আসসালামু আলাইকুম "&B11&", আপনার মোট বকেয়া "&TEXT(E11,"0")&" টাকা। অনুগ্রহ করে পরিশোধ করবেন।", "✉️ মেসেজ পাঠান"))
E12: =SUMIF(খতিয়ান!C:C, A12, খতিয়ান!F:F) - SUMIF(খতিয়ান!C:C, A12, খতিয়ান!G:G) -> 0 | F12: =IF(OR(ISBLANK(C12), E12<=0), "", HYPERLINK("https://wa.me/88"&C12&"?text=আসসালামু আলাইকুম "&B12&", আপনার মোট বকেয়া "&TEXT(E12,"0")&" টাকা। অনুগ্রহ করে পরিশোধ করবেন।", "✉️ মেসেজ পাঠান"))
E13: =SUMIF(খতিয়ান!C:C, A13, খতিয়ান!F:F) - SUMIF(খতিয়ান!C:C, A13, খতিয়ান!G:G) -> 0 | F13: =IF(OR(ISBLANK(C13), E13<=0), "", HYPERLINK("https://wa.me/88"&C13&"?text=আসসালামু আলাইকুম "&B13&", আপনার মোট বকেয়া "&TEXT(E13,"0")&" টাকা। অনুগ্রহ করে পরিশোধ করবেন।", "✉️ মেসেজ পাঠান"))
E14: =SUMIF(খতিয়ান!C:C, A14, খতিয়ান!F:F) - SUMIF(খতিয়ান!C:C, A14, খতিয়ান!G:G) -> 0 | F14: =IF(OR(ISBLANK(C14), E14<=0), "", HYPERLINK("https://wa.me/88"&C14&"?text=আসসালামু আলাইকুম "&B14&", আপনার মোট বকেয়া "&TEXT(E14,"0")&" টাকা। অনুগ্রহ করে পরিশোধ করবেন।", "✉️ মেসেজ পাঠান"))
E15: =SUMIF(খতিয়ান!C:C, A15, খতিয়ান!F:F) - SUMIF(খতিয়ান!C:C, A15, খতিয়ান!G:G) -> 0 | F15: =IF(OR(ISBLANK(C15), E15<=0), "", HYPERLINK("https://wa.me/88"&C15&"?text=আসসালামু আলাইকুম "&B15&", আপনার মোট বকেয়া "&TEXT(E15,"0")&" টাকা। অনুগ্রহ করে পরিশোধ করবেন।", "✉️ মেসেজ পাঠান"))
E16: =SUMIF(খতিয়ান!C:C, A16, খতিয়ান!F:F) - SUMIF(খতিয়ান!C:C, A16, খতিয়ান!G:G) -> 0 | F16: =IF(OR(ISBLANK(C16), E16<=0), "", HYPERLINK("https://wa.me/88"&C16&"?text=আসসালামু আলাইকুম "&B16&", আপনার মোট বকেয়া "&TEXT(E16,"0")&" টাকা। অনুগ্রহ করে পরিশোধ করবেন।", "✉️ মেসেজ পাঠান"))
E17: =SUMIF(খতিয়ান!C:C, A17, খতিয়ান!F:F) - SUMIF(খতিয়ান!C:C, A17, খতিয়ান!G:G) -> 0 | F17: =IF(OR(ISBLANK(C17), E17<=0), "", HYPERLINK("https://wa.me/88"&C17&"?text=আসসালামু আলাইকুম "&B17&", আপনার মোট বকেয়া "&TEXT(E17,"0")&" টাকা। অনুগ্রহ করে পরিশোধ করবেন।", "✉️ মেসেজ পাঠান"))
... E305: =SUMIF(খতিয়ান!C:C, A305, খতিয়ান!F:F) - SUMIF(খতিয়ান!C:C, A305, খতিয়ান!G:G) -> 0 | F305: =IF(OR(ISBLANK(C305), E305<=0), "", HYPERLINK("https://wa.me/88"&C305&"?text=আসসালামু আলাইকুম "&B305&", আপনার মোট বকেয়া "&TEXT(E305,"0")&" টাকা। অনুগ্রহ করে পরিশোধ করবেন।", "✉️ মেসেজ পাঠান"))

Sheet খতিয়ান
A1: তারিখ | B1: কাস্টমারের নাম (সিলেক্ট করুন) | C1: কাস্টমার আইডি (অটো) | D1: বিবরণ | E1: ভাউচার নং | F1: খরচ / বাকি (Debit) | G1: জমা (Credit) | H1: বর্তমান ব্যালেন্স (অটো)
A2: 19/09/2022 | B2: তপু ভাই, আল রাফি মোটরস | C2: =IF(ISBLANK(B2), "", INDEX('কাস্টমার তালিকা'!$A$4:$A$305, MATCH(B2, 'কাস্টমার তালিকা'!$B$4:$B$305, 0))) -> C-001 | D2: পূর্বের জের | E2: 2203 | F2: 118000 | H2: =IF(ISBLANK(C2), "", SUMIFS(F$2:F2, C$2:C2, C2) - SUMIFS(G$2:G2, C$2:C2, C2)) -> 118000
A3: 28/09/2022 | B3: তপু ভাই, আল রাফি মোটরস | C3: =IF(ISBLANK(B3), "", INDEX('কাস্টমার তালিকা'!$A$4:$A$305, MATCH(B3, 'কাস্টমার তালিকা'!$B$4:$B$305, 0))) -> C-001 | E3: 2295 | F3: 85000 | H3: =IF(ISBLANK(C3), "", SUMIFS(F$2:F3, C$2:C3, C3) - SUMIFS(G$2:G3, C$2:C3, C3)) -> 203000
C4: =IF(ISBLANK(B4), "", INDEX('কাস্টমার তালিকা'!$A$4:$A$305, MATCH(B4, 'কাস্টমার তালিকা'!$B$4:$B$305, 0))) | H4: =IF(ISBLANK(C4), "", SUMIFS(F$2:F4, C$2:C4, C4) - SUMIFS(G$2:G4, C$2:C4, C4)) -> 0
C5: =IF(ISBLANK(B5), "", INDEX('কাস্টমার তালিকা'!$A$4:$A$305, MATCH(B5, 'কাস্টমার তালিকা'!$B$4:$B$305, 0))) | H5: =IF(ISBLANK(C5), "", SUMIFS(F$2:F5, C$2:C5, C5) - SUMIFS(G$2:G5, C$2:C5, C5)) -> 0
C6: =IF(ISBLANK(B6), "", INDEX('কাস্টমার তালিকা'!$A$4:$A$305, MATCH(B6, 'কাস্টমার তালিকা'!$B$4:$B$305, 0))) | H6: =IF(ISBLANK(C6), "", SUMIFS(F$2:F6, C$2:C6, C6) - SUMIFS(G$2:G6, C$2:C6, C6)) -> 0
C7: =IF(ISBLANK(B7), "", INDEX('কাস্টমার তালিকা'!$A$4:$A$305, MATCH(B7, 'কাস্টমার তালিকা'!$B$4:$B$305, 0))) | H7: =IF(ISBLANK(C7), "", SUMIFS(F$2:F7, C$2:C7, C7) - SUMIFS(G$2:G7, C$2:C7, C7)) -> 0
C8: =IF(ISBLANK(B8), "", INDEX('কাস্টমার তালিকা'!$A$4:$A$305, MATCH(B8, 'কাস্টমার তালিকা'!$B$4:$B$305, 0))) | H8: =IF(ISBLANK(C8), "", SUMIFS(F$2:F8, C$2:C8, C8) - SUMIFS(G$2:G8, C$2:C8, C8)) -> 0
C9: =IF(ISBLANK(B9), "", INDEX('কাস্টমার তালিকা'!$A$4:$A$305, MATCH(B9, 'কাস্টমার তালিকা'!$B$4:$B$305, 0))) | H9: =IF(ISBLANK(C9), "", SUMIFS(F$2:F9, C$2:C9, C9) - SUMIFS(G$2:G9, C$2:C9, C9)) -> 0
C10: =IF(ISBLANK(B10), "", INDEX('কাস্টমার তালিকা'!$A$4:$A$305, MATCH(B10, 'কাস্টমার তালিকা'!$B$4:$B$305, 0))) | H10: =IF(ISBLANK(C10), "", SUMIFS(F$2:F10, C$2:C10, C10) - SUMIFS(G$2:G10, C$2:C10, C10)) -> 0
C11: =IF(ISBLANK(B11), "", INDEX('কাস্টমার তালিকা'!$A$4:$A$305, MATCH(B11, 'কাস্টমার তালিকা'!$B$4:$B$305, 0))) | H11: =IF(ISBLANK(C11), "", SUMIFS(F$2:F11, C$2:C11, C11) - SUMIFS(G$2:G11, C$2:C11, C11)) -> 0
C12: =IF(ISBLANK(B12), "", INDEX('কাস্টমার তালিকা'!$A$4:$A$305, MATCH(B12, 'কাস্টমার তালিকা'!$B$4:$B$305, 0))) | H12: =IF(ISBLANK(C12), "", SUMIFS(F$2:F12, C$2:C12, C12) - SUMIFS(G$2:G12, C$2:C12, C12)) -> 0
C13: =IF(ISBLANK(B13), "", INDEX('কাস্টমার তালিকা'!$A$4:$A$305, MATCH(B13, 'কাস্টমার তালিকা'!$B$4:$B$305, 0))) | H13: =IF(ISBLANK(C13), "", SUMIFS(F$2:F13, C$2:C13, C13) - SUMIFS(G$2:G13, C$2:C13, C13)) -> 0
C14: =IF(ISBLANK(B14), "", INDEX('কাস্টমার তালিকা'!$A$4:$A$305, MATCH(B14, 'কাস্টমার তালিকা'!$B$4:$B$305, 0))) | H14: =IF(ISBLANK(C14), "", SUMIFS(F$2:F14, C$2:C14, C14) - SUMIFS(G$2:G14, C$2:C14, C14)) -> 0
C15: =IF(ISBLANK(B15), "", INDEX('কাস্টমার তালিকা'!$A$4:$A$305, MATCH(B15, 'কাস্টমার তালিকা'!$B$4:$B$305, 0))) | H15: =IF(ISBLANK(C15), "", SUMIFS(F$2:F15, C$2:C15, C15) - SUMIFS(G$2:G15, C$2:C15, C15)) -> 0
... C1004: =IF(ISBLANK(B1004), "", INDEX('কাস্টমার তালিকা'!$A$4:$A$305, MATCH(B1004, 'কাস্টমার তালিকা'!$B$4:$B$305, 0))) | H1004: =IF(ISBLANK(C1004), "", SUMIFS(F$2:F1004, C$2:C1004, C1004) - SUMIFS(G$2:G1004, C$2:C1004, C1004)) -> 0
A1005: সর্বমোট: | F1005: =SUBTOTAL(109,LedgerTable[খরচ / বাকি (Debit)]) -> 203000 | G1005: =SUBTOTAL(109,LedgerTable[জমা (Credit)]) -> 0
